Domain Name,Domain Type,Agency,Organization,City,State
TTI.TAMU.EDU,Agency,Texas A&M Transportation Institute,Marketing & Communications,College Station,Texas
TTI.TAMUS.EDU,Agency,Texas A&M Transportation Institute,Marketing & Communications,College Station,Texas
TTI.TEXAS.GOV,Agency,Texas A&M Transportation Institute,Marketing & Communications,College Station,Texas
2018NASPS.COM,Research,Texas A&M Transportation Institute,Marketing & Communications,College Station,Texas
BWX-BCS.ORG,Research,Texas A&M Transportation Institute,Marketing & Communications,College Station,Texas
CARTEEH.ORG,Research,Texas A&M Transportation Institute,Marketing & Communications,College Station,Texas
CLEANAIRFORELPASO.ORG,Research,Texas A&M Transportation Institute,Marketing & Communications,College Station,Texas
DRIVERBEHAVIOR.ORG,Research,Texas A&M Transportation Institute,Marketing & Communications,College Station,Texas
DYINGTODRINK.ORG,Research,Texas A&M Transportation Institute,Marketing & Communications,College Station,Texas
FREIGHTSHUTTLE.COM,Research,Texas A&M Transportation Institute,Marketing & Communications,College Station,Texas
GHCOMMUTES.COM,Research,Texas A&M Transportation Institute,Marketing & Communications,College Station,Texas
GHCOMMUTES.ORG,Research,Texas A&M Transportation Institute,Marketing & Communications,College Station,Texas
LAREDOBIKESURVEY.ORG,Research,Texas A&M Transportation Institute,Marketing & Communications,College Station,Texas
LINKALLIANCE.ORG,Research,Texas A&M Transportation Institute,Marketing & Communications,College Station,Texas
LOOKLEARNLIVE.COM,Research,Texas A&M Transportation Institute,Marketing & Communications,College Station,Texas
LOOKLEARNLIVE.NET,Research,Texas A&M Transportation Institute,Marketing & Communications,College Station,Texas
LOOKLEARNLIVE.ORG,Research,Texas A&M Transportation Institute,Marketing & Communications,College Station,Texas
MY35ALERTS.ORG,Research,Texas A&M Transportation Institute,Marketing & Communications,College Station,Texas
MY35CLOSURENOTIFICATION.ORG,Research,Texas A&M Transportation Institute,Marketing & Communications,College Station,Texas
MY35SURVEY.COM,Research,Texas A&M Transportation Institute,Marketing & Communications,College Station,Texas
MY35SURVEY.ORG,Research,Texas A&M Transportation Institute,Marketing & Communications,College Station,Texas
NCFRP49-NEWFREIGHTDATA.COM,Research,Texas A&M Transportation Institute,Marketing & Communications,College Station,Texas
REGIONALSERVICEPLANNING.ORG,Research,Texas A&M Transportation Institute,Marketing & Communications,College Station,Texas
RIDERCOACH.ORG,Research,Texas A&M Transportation Institute,Marketing & Communications,College Station,Texas
ROADSIDEPOOLEDFUND.ORG,Research,Texas A&M Transportation Institute,Marketing & Communications,College Station,Texas
SAFEDRIVERAPP.COM,Research,Texas A&M Transportation Institute,Marketing & Communications,College Station,Texas
SAFEROUTESTX.COM,Research,Texas A&M Transportation Institute,Marketing & Communications,College Station,Texas
SHARETHEROADTEXAS.ORG,Research,Texas A&M Transportation Institute,Marketing & Communications,College Station,Texas
SUSTRANSINDICATORS.COM,Research,Texas A&M Transportation Institute,Marketing & Communications,College Station,Texas
T-DRIVER.COM,Research,Texas A&M Transportation Institute,Marketing & Communications,College Station,Texas
T-DRIVER.NET,Research,Texas A&M Transportation Institute,Marketing & Communications,College Station,Texas
T-DRIVER.ORG,Research,Texas A&M Transportation Institute,Marketing & Communications,College Station,Texas
TCDSYMPOSIUM.COM,Research,Texas A&M Transportation Institute,Marketing & Communications,College Station,Texas
TDRIVER.COM,Research,Texas A&M Transportation Institute,Marketing & Communications,College Station,Texas
TDRIVER.NET,Research,Texas A&M Transportation Institute,Marketing & Communications,College Station,Texas
TDRIVER.ORG,Research,Texas A&M Transportation Institute,Marketing & Communications,College Station,Texas
TEXASIMPAIREDDRIVINGTASKFORCE.COM,Research,Texas A&M Transportation Institute,Marketing & Communications,College Station,Texas
TEXASIMPAIREDDRIVINGTASKFORCE.NET,Research,Texas A&M Transportation Institute,Marketing & Communications,College Station,Texas
TEXASIMPAIREDDRIVINGTASKFORCE.ORG,Research,Texas A&M Transportation Institute,Marketing & Communications,College Station,Texas
TEXASMOTORCYCLESAFETY.NET,Research,Texas A&M Transportation Institute,Marketing & Communications,College Station,Texas
TEXASMOTORCYCLESAFETY.ORG,Research,Texas A&M Transportation Institute,Marketing & Communications,College Station,Texas
TEXASMPOS.COM,Research,Texas A&M Transportation Institute,Marketing & Communications,College Station,Texas
TEXASMPOS.NET,Research,Texas A&M Transportation Institute,Marketing & Communications,College Station,Texas
TEXASMPOS.ORG,Research,Texas A&M Transportation Institute,Marketing & Communications,College Station,Texas
TEXASPORTS.ORG,Research,Texas A&M Transportation Institute,Marketing & Communications,College Station,Texas
TEXASSHSP.COM,Research,Texas A&M Transportation Institute,Marketing & Communications,College Station,Texas
TEXASTRANSITDASHBOARD.COM,Research,Texas A&M Transportation Institute,Marketing & Communications,College Station,Texas
TEXASTWG.ORG,Research,Texas A&M Transportation Institute,Marketing & Communications,College Station,Texas
TRAVELSURVEYS.ORG,Research,Texas A&M Transportation Institute,Marketing & Communications,College Station,Texas
TRBAIRQUALITY.ORG,Research,Texas A&M Transportation Institute,Marketing & Communications,College Station,Texas
TRBENERGYPRODUCTS.ORG,Research,Texas A&M Transportation Institute,Marketing & Communications,College Station,Texas
TRBSUSTAINABILITY.ORG,Research,Texas A&M Transportation Institute,Marketing & Communications,College Station,Texas
TRBTRADETRANSPORTATION.ORG,Research,Texas A&M Transportation Institute,Marketing & Communications,College Station,Texas
TTI-TAM.US,Agency,Texas A&M Transportation Institute,Marketing & Communications,College Station,Texas
TTIFOCUSGROUPS.ORG,Research,Texas A&M Transportation Institute,Marketing & Communications,College Station,Texas
TUNNELCHECK.ORG,Research,Texas A&M Transportation Institute,Marketing & Communications,College Station,Texas
TXDOTCRASH.COM,Research,Texas A&M Transportation Institute,Marketing & Communications,College Station,Texas
U-DRIVER.COM,Research,Texas A&M Transportation Institute,Marketing & Communications,College Station,Texas
URBANSTREET.INFO,Research,Texas A&M Transportation Institute,Marketing & Communications,College Station,Texas
WALKBIKESAFETEXAS.COM,Research,Texas A&M Transportation Institute,Marketing & Communications,College Station,Texas
WALKBIKESAFETEXAS.NET,Research,Texas A&M Transportation Institute,Marketing & Communications,College Station,Texas
WALKBIKESAFETEXAS.ORG,Research,Texas A&M Transportation Institute,Marketing & Communications,College Station,Texas
WORKZONESAFETY.ORG,Research,Texas A&M Transportation Institute,Marketing & Communications,College Station,Texas
Y-DRIVER.COM,Research,Texas A&M Transportation Institute,Marketing & Communications,College Station,Texas